guest_email,has_rewards,room_type,amenities_fee,checkin_date,checkout_date,room_rate,billing_address,credit_card_number
megan16@example.com,False,BASIC,18.566257515604896,27 Jul 2020,2020-10-28,83.8,sdv-pii-bao8j,4236533757818784
albertmerritt@example.org,False,SUITE,0.0,30 Jan 2020,2021-01-08,151.97,sdv-pii-nynuq,6011665903616013
markbell@example.com,True,BASIC,22.839568062832058,16 Jul 2020,2021-01-08,149.94,sdv-pii-i8egs,501837003083
michael75@example.net,False,BASIC,0.0,06 Feb 2020,2020-08-16,162.58,sdv-pii-8w5ze,30344120680844
fbrown@example.org,False,SUITE,0.0,05 Nov 2020,2020-09-20,144.01,sdv-pii-6p6u4,2720010339694709
hollymiller@example.net,False,BASIC,4.4996875797408435,30 Jun 2020,2020-12-23,83.8,sdv-pii-5foee,6011132754281769
tarabradford@example.org,False,SUITE,0.0,24 Jun 2020,2020-07-30,83.8,sdv-pii-kix07,4420246787887
fischerjulie@example.com,False,SUITE,4.421849897896784,15 Jun 2020,2020-04-11,109.42,sdv-pii-v4xd6,30303375810530
eknox@example.com,False,SUITE,25.19924984998138,10 Jul 2020,2021-01-08,140.38,sdv-pii-vkcri,3599745465919109
evelyn32@example.net,True,BASIC,24.495097691170635,08 May 2020,2020-11-27,148.61,sdv-pii-3c268,348376159076566
qdurham@example.com,True,BASIC,3.960112594967253,05 Jan 2020,2020-02-16,86.65,sdv-pii-es09r,342603193121173
gwillis@example.com,True,SUITE,0.0,19 Aug 2020,2020-07-04,83.8,sdv-pii-n0yo3,4172248490412
klevy@example.com,False,BASIC,0.0,22 Jul 2020,2021-01-08,83.8,sdv-pii-epr5d,4958787788587448
christine67@example.com,True,DELUXE,31.25824540904327,04 Dec 2020,2020-09-22,191.73,sdv-pii-0h3dh,180010065744485
nicolemiller@example.org,False,BASIC,16.08473435237002,08 Aug 2020,2020-09-25,143.22,sdv-pii-99dhf,3528406644976322
gina69@example.net,True,SUITE,1.0540000628394408,15 Sep 2020,2021-01-08,83.8,sdv-pii-15eun,3503062273798039
smartinez@example.net,True,BASIC,22.618189188548996,05 Jan 2020,2020-07-12,142.32,sdv-pii-ro41m,30180845301518
schaefermelissa@example.com,False,BASIC,11.723264756078917,19 Oct 2020,2020-02-03,83.8,sdv-pii-h32gh,36271487486941
johnsonanne@example.org,True,BASIC,0.0,17 Aug 2020,2020-05-05,83.8,sdv-pii-2338b,180089659232347
newtonsusan@example.com,False,SUITE,3.1161691471540136,07 Jan 2021,2020-09-13,155.52,sdv-pii-9xw37,213109924618376
fisherkenneth@example.com,False,BASIC,3.313408026125769,15 Sep 2020,2020-11-05,137.49,sdv-pii-8w4xg,3521524120866416
cindy51@example.com,False,SUITE,10.4645849630822,05 Feb 2020,2020-08-02,146.49,sdv-pii-4lhdb,4442932081486060737
dawnball@example.com,False,BASIC,0.0,09 Feb 2020,2020-05-07,182.99,sdv-pii-olxbx,6517652323151499
kirkmatthew@example.com,False,BASIC,17.832391984633514,07 Jan 2021,2020-10-26,134.0,sdv-pii-0cgwx,213175230461298
bmartinez@example.org,True,SUITE,0.0,01 Mar 2020,2020-01-07,83.8,sdv-pii-zp3d2,4150255373308733
burgessdylan@example.net,False,SUITE,3.0159311376260725,02 Oct 2020,2020-12-13,87.07,sdv-pii-7usm3,4813532172592299255
tapiaamy@example.org,False,BASIC,0.7520552962765379,27 Jun 2020,2020-02-18,207.63,sdv-pii-ddz6n,3575637398190544
fmontoya@example.com,False,BASIC,13.955465919740265,01 May 2020,2020-07-18,83.8,sdv-pii-34wr5,30388772994110
matthewthompson@example.org,False,BASIC,9.498974983384706,16 Jun 2020,2021-01-08,105.22,sdv-pii-am2hy,2449959330753585
kevin25@example.org,True,BASIC,0.0,06 Nov 2020,2020-06-24,116.19,sdv-pii-iog23,30495368896870
andrewdennis@example.com,False,BASIC,14.76208484288405,08 Aug 2020,2020-03-22,118.79,sdv-pii-jfnjx,4302419229561914
theresa71@example.com,False,DELUXE,2.173319374420112,30 Dec 2020,2021-01-08,135.76,sdv-pii-473na,349003899042836
ldavis@example.org,False,BASIC,0.12586704900282286,21 Jul 2020,2020-08-26,98.58,sdv-pii-k6q63,4826210476954705
jasonmason@example.net,True,BASIC,30.508102830791877,07 Jan 2021,2020-04-19,198.2,sdv-pii-i9mmj,4694020769303404570
davidvasquez@example.org,False,BASIC,10.672072009797951,18 Feb 2020,2020-03-30,90.85,sdv-pii-vl5qg,5411313193415303
jbolton@example.com,False,SUITE,0.0,22 Feb 2020,2020-11-14,209.71,sdv-pii-db30h,376954866983095
sullivanrandy@example.com,False,BASIC,0.0,05 Jul 2020,2020-06-09,125.25,sdv-pii-ss9ha,6501595876768466
oreeves@example.org,False,BASIC,6.0067080216229645,15 Jul 2020,2020-04-01,85.94,sdv-pii-973lx,4981424194559073
robynscott@example.org,False,BASIC,3.4967249789429893,13 Aug 2020,2020-05-31,150.35,sdv-pii-6omls,213140218420328
clarkallison@example.com,False,BASIC,4.84781026020401,05 Jan 2020,2020-02-21,222.88,sdv-pii-8inpv,213185310722725
kwilliams@example.com,True,BASIC,0.0,13 Aug 2020,2020-03-02,219.41,sdv-pii-v923d,4174770130069
hudsonbradley@example.com,False,DELUXE,19.44494009506914,05 Jan 2020,2020-03-26,83.8,sdv-pii-3o3xm,3582819958052279
hernandezbrittany@example.com,False,DELUXE,0.0,27 Nov 2020,2021-01-08,111.74,sdv-pii-7qxqe,30383591890771
thompsonjames@example.org,False,DELUXE,24.73851899776227,09 Apr 2020,2020-10-05,146.01,sdv-pii-kpnjj,4842893643974
kvargas@example.org,True,BASIC,14.208839520604487,28 Jul 2020,2020-01-07,170.54,sdv-pii-5aro1,213124957140354
greenheather@example.org,False,BASIC,0.0,15 Oct 2020,2021-01-08,137.7,sdv-pii-gb4o8,3592293657919675
amandalawrence@example.org,False,SUITE,0.0,16 Jun 2020,2020-06-03,181.85,sdv-pii-sca37,342033264538875
torrescassandra@example.org,True,SUITE,12.411108968084038,18 Feb 2020,2020-06-20,124.17,sdv-pii-5oj7f,4312540105667232
johnathanwright@example.com,False,DELUXE,0.0,17 Nov 2020,2020-09-17,83.8,sdv-pii-gqqc4,374594629858515
hwebster@example.org,True,BASIC,0.0,03 Mar 2020,2020-04-27,115.84,sdv-pii-c114a,4190929662322015074
jonathan86@example.com,False,DELUXE,0.0,26 Jun 2020,2021-01-08,120.75,sdv-pii-kfwuf,340714119965759
huertasteve@example.net,True,SUITE,0.0,05 Jan 2020,2020-04-29,83.8,sdv-pii-zz8dm,6500938348159966
vincentwalker@example.net,True,BASIC,0.0,17 Oct 2020,2020-04-06,94.73,sdv-pii-q0erv,4053772879736603
alexa15@example.org,False,BASIC,5.797963583620271,05 Jan 2020,2020-04-22,238.58,sdv-pii-ornf3,3561771152683315
fwoods@example.com,True,SUITE,3.4633831196399503,09 Jun 2020,2020-06-28,161.52,sdv-pii-95m9j,341999230610678
tbryant@example.com,False,SUITE,4.803740474723725,29 Jan 2020,2020-11-09,83.8,sdv-pii-pr77k,4083332031797037
tyler92@example.net,False,DELUXE,0.0,09 Mar 2020,2020-09-14,170.31,sdv-pii-ldiyq,4338819840717712
rorozco@example.com,False,SUITE,0.3438933609438748,08 Jan 2020,2020-01-24,91.89,sdv-pii-10wyr,4046518656596110
jessicareyes@example.com,False,BASIC,9.034392644122596,10 Aug 2020,2020-04-16,120.5,sdv-pii-8ban9,213143240266545
ovilla@example.org,False,BASIC,0.0,05 Jan 2020,2020-08-31,285.98,sdv-pii-gmxyf,372121281153852
morrisheidi@example.org,False,BASIC,0.0,26 Aug 2020,2020-10-10,115.86,sdv-pii-vo9bj,30257115924177
jamesmeyer@example.com,False,DELUXE,0.4535829935464395,21 Apr 2020,2020-12-25,103.58,sdv-pii-5s1pm,5571792344999719
hannah55@example.org,False,SUITE,14.388911395671427,03 Jun 2020,2020-12-07,98.7,sdv-pii-wu7w0,375944771811839
aprilgomez@example.net,False,DELUXE,9.60158952017698,15 Oct 2020,2020-03-24,206.57,sdv-pii-9tnh9,180063429088131
campbellangela@example.net,False,BASIC,0.0,07 Mar 2020,2020-07-02,177.56,sdv-pii-narrb,213122414228135
carsonnicole@example.org,False,BASIC,4.550503928044295,03 Oct 2020,2020-01-22,83.8,sdv-pii-i6x1t,4136353696303
kenneth83@example.org,False,DELUXE,0.0,05 Jan 2020,2020-06-12,95.32,sdv-pii-sv4gp,3553435814750405
brownrussell@example.org,False,SUITE,0.17166947454711856,14 Sep 2020,2020-06-11,83.8,sdv-pii-mj48y,4710248278087
tina69@example.net,False,BASIC,16.016727870000278,26 Jun 2020,2020-01-07,126.51,sdv-pii-gn33d,213156181535900
amber25@example.net,False,BASIC,0.0,15 Sep 2020,2020-11-23,121.29,sdv-pii-7iqdc,213160382436587
debrahuffman@example.org,False,BASIC,2.7787802253711824,13 Oct 2020,2020-05-03,196.67,sdv-pii-hvdsz,6011530201262219
williamburgess@example.org,False,BASIC,24.577989027114025,20 Feb 2020,2020-09-24,141.04,sdv-pii-rkl8r,213112801600194
zrobbins@example.net,True,DELUXE,19.13843767346668,06 Nov 2020,2020-06-16,99.75,sdv-pii-qlwwf,180063245743059
wagnerjamie@example.org,False,SUITE,16.991211003403432,09 Jul 2020,2020-07-24,142.53,sdv-pii-ju0jn,3541638060430383
hardydennis@example.com,False,SUITE,1.35613953622799,05 Jan 2020,2020-12-09,130.59,sdv-pii-8qtl4,376614853931354
flynnjimmy@example.net,False,BASIC,1.1614474444030074,27 Feb 2020,2020-10-13,83.8,sdv-pii-5fyws,3596175928581648
uyoung@example.com,True,SUITE,3.438656164386531,31 Mar 2020,2020-03-29,98.83,sdv-pii-v7kq5,4610682529540924235
samantha31@example.com,True,DELUXE,10.314971856898385,14 Jul 2020,2020-11-12,152.09,sdv-pii-320rn,4742188395340388173
donaldhernandez@example.net,False,BASIC,0.0,05 Jan 2020,2020-07-09,212.59,sdv-pii-73621,213119157622318
nedwards@example.com,False,DELUXE,0.0,26 Jul 2020,2021-01-02,83.8,sdv-pii-ywjb1,4029871780321
benjamin39@example.com,False,BASIC,0.0,05 Jan 2020,2020-02-12,149.03,sdv-pii-gurgp,377590064067148
urobles@example.com,True,SUITE,2.965926592677395,08 May 2020,2020-01-07,93.96,sdv-pii-gmzu4,3566817491941487
crystal04@example.org,True,BASIC,14.966368226911198,20 Jun 2020,2020-04-19,102.89,sdv-pii-gea6e,2337707179865092
fergusonisaiah@example.net,False,DELUXE,10.606655757443761,30 Aug 2020,2020-07-26,104.16,sdv-pii-hsdtn,3509153230666064
olyons@example.com,False,BASIC,0.0,03 Nov 2020,2021-01-08,99.04,sdv-pii-f6e8r,213167709829436
stephaniepalmer@example.org,True,SUITE,2.424688687402213,25 Dec 2020,2020-12-26,182.45,sdv-pii-dcdcg,341863862697728
angela10@example.org,False,SUITE,1.178069562324223,05 Jan 2020,2020-12-27,83.8,sdv-pii-atpdc,3552102551004252
bestjohn@example.org,False,BASIC,18.636754016676704,05 Jan 2020,2020-03-31,89.04,sdv-pii-ixjnh,180033219602748
operez@example.com,True,BASIC,1.7851508609340556,07 Sep 2020,2020-08-17,117.06,sdv-pii-vc81o,6011856002036936
wongdaniel@example.org,False,BASIC,22.92919914128253,03 Oct 2020,2020-10-16,83.8,sdv-pii-aw2av,4740891044181484
tommymoore@example.com,True,BASIC,0.0,04 Dec 2020,2020-11-19,103.64,sdv-pii-jviyi,3591215783640223
fmorrow@example.org,False,BASIC,39.78112341669052,03 Dec 2020,2020-11-09,93.58,sdv-pii-gt521,4708329654185016
dtaylor@example.com,True,DELUXE,9.84131719154858,22 Jul 2020,2020-02-26,295.24,sdv-pii-vwv35,4796988056376797
jennifer73@example.com,False,BASIC,6.381243667270552,05 Nov 2020,2020-10-16,97.19,sdv-pii-fgwpn,180017149880789
eterry@example.com,False,BASIC,8.743252391799965,05 Jan 2020,2020-02-19,166.41,sdv-pii-fghdr,3507199403976774
lynn07@example.com,False,BASIC,12.88044394034348,27 Feb 2020,2021-01-08,122.71,sdv-pii-51i9n,4672370617993940
coleholt@example.org,True,BASIC,0.0,10 Aug 2020,2020-11-07,100.76,sdv-pii-ggus0,3521759434674557
nmitchell@example.org,True,DELUXE,0.0,15 Aug 2020,2020-03-12,93.11,sdv-pii-atbvq,639010483654
brandon22@example.net,False,BASIC,9.301478192341698,17 Jan 2020,2020-08-06,97.93,sdv-pii-hj4y7,3553027841454919
michael05@example.com,False,DELUXE,2.379496145769526,24 Nov 2020,2021-01-08,133.64,sdv-pii-lkzk0,4074251163120787
weavertrevor@example.org,False,DELUXE,3.796506547958379,13 Feb 2020,2020-07-24,83.8,sdv-pii-aiok5,3580387776726062
sarahmorgan@example.org,False,BASIC,5.521778654372198,17 Feb 2020,2020-01-23,83.8,sdv-pii-v8r1v,4533702435314801
allisonlawrence@example.net,False,BASIC,8.877719874622807,18 Nov 2020,2020-09-06,98.62,sdv-pii-8zrcu,4189655202650087
oarnold@example.org,False,BASIC,10.481617627427141,03 Aug 2020,2020-03-08,109.21,sdv-pii-zfgqx,4910191433168620
catherine29@example.org,False,SUITE,0.0,01 Sep 2020,2020-05-08,192.68,sdv-pii-x9ep7,676237038648
olewis@example.com,False,BASIC,18.638897848884703,05 Jan 2020,2020-05-15,338.04,sdv-pii-5meok,564820217896
amelendez@example.com,False,DELUXE,15.896754994835259,12 Apr 2020,2020-06-30,106.47,sdv-pii-qq526,501810703832
danielle19@example.net,False,BASIC,0.0,05 Jan 2020,2020-11-23,84.82,sdv-pii-9tgee,30457105775171
karen43@example.net,False,BASIC,27.982352681387557,03 Feb 2020,2020-11-16,121.92,sdv-pii-upxp5,30262281872127
flynnjonathan@example.net,True,SUITE,3.5657014877546445,16 Mar 2020,2020-05-21,178.72,sdv-pii-vl16a,38363039780877
angela17@example.com,False,BASIC,7.187043547624118,28 Jul 2020,2020-02-23,143.06,sdv-pii-aviqf,3535703553962033
nhenderson@example.net,False,SUITE,1.4831372537905825,10 Mar 2020,2020-06-08,132.95,sdv-pii-84x76,6011993493279194
hughesryan@example.net,False,BASIC,8.570665645669564,17 Oct 2020,2020-05-02,150.18,sdv-pii-r1dqx,4385798186491
ksmith@example.com,False,SUITE,5.050399893847175,18 Mar 2020,2020-11-09,136.98,sdv-pii-tcr1a,3568136185486339
kevin71@example.org,False,BASIC,1.3495346893424305,22 Aug 2020,2020-10-05,154.33,sdv-pii-6a7t2,3567977775876426
lauren78@example.com,False,BASIC,24.895198841538523,05 Jan 2020,2020-05-16,83.8,sdv-pii-q62fo,5142563328240341
stephen92@example.org,False,BASIC,2.875720852784138,26 Sep 2020,2020-09-14,86.04,sdv-pii-gk75w,675995288700
burtonkenneth@example.com,True,SUITE,0.0,06 May 2020,2020-05-21,83.8,sdv-pii-efjw6,2261594084601584
joseph47@example.com,True,BASIC,17.8271024387613,23 Nov 2020,2020-07-15,132.09,sdv-pii-ezpg3,6581272383394516
qmayer@example.org,False,BASIC,0.0,05 Jan 2020,2020-04-20,132.24,sdv-pii-kfnvr,3553848175168068
sanfordevan@example.com,False,DELUXE,3.036745477119773,08 Sep 2020,2020-04-30,92.15,sdv-pii-yoim4,3506277340293106
kimjulie@example.org,False,DELUXE,0.0,21 Sep 2020,2020-04-22,111.76,sdv-pii-eruav,6555957070587008
jhensley@example.com,True,SUITE,4.3989702058851385,18 Sep 2020,2020-10-04,98.73,sdv-pii-33ena,5322810424480301
frankstone@example.com,False,BASIC,4.396002641806966,30 Apr 2020,2020-05-08,131.14,sdv-pii-9b6xy,4494898054433
dean12@example.org,False,DELUXE,0.0,05 Jan 2020,2020-03-16,108.5,sdv-pii-vn4bx,4538304694391227
mary66@example.org,True,DELUXE,16.754603450097324,14 Feb 2020,2020-05-07,122.25,sdv-pii-iku7z,38244615200532
anthonycooper@example.net,False,BASIC,30.95595950696218,30 Jun 2020,2020-06-19,117.68,sdv-pii-06znw,3510248803584194
cody76@example.org,False,BASIC,17.126439800934232,30 Jun 2020,2021-01-04,93.93,sdv-pii-vqnbr,4828945517811
emilyking@example.org,False,BASIC,0.0,04 Aug 2020,2021-01-08,130.36,sdv-pii-owyi7,3571425611713993
kfisher@example.net,False,BASIC,11.665607177865427,05 Jan 2020,2020-12-20,114.52,sdv-pii-mb6ah,370912239969106
jasmineobrien@example.org,False,SUITE,0.0,18 Sep 2020,2020-03-25,183.34,sdv-pii-8bcea,6559859880328134
lowerysarah@example.net,False,SUITE,1.4099892381392136,08 Jul 2020,2020-08-19,101.73,sdv-pii-zib6d,372169384693639
djones@example.com,False,BASIC,0.0,13 Jun 2020,2020-09-24,181.04,sdv-pii-uyvag,4970169331014820
lauren09@example.com,False,BASIC,1.587836910697551,23 Aug 2020,2020-06-18,161.52,sdv-pii-t1z0u,3509251842407206
jessicabass@example.net,True,BASIC,13.358342466980094,08 May 2020,2020-07-12,153.78,sdv-pii-6fju0,3523543404107170
april64@example.org,False,BASIC,0.0,14 Jun 2020,2020-12-06,146.41,sdv-pii-89sa3,4651437066893
conradryan@example.net,False,BASIC,5.6880430313229215,05 Jan 2020,2020-01-07,83.8,sdv-pii-07qho,60483561282
jerry90@example.com,True,BASIC,0.0,27 Feb 2020,2020-04-23,115.17,sdv-pii-8pizv,4375180523283272
cameron91@example.org,True,SUITE,28.21235087491331,20 Oct 2020,2021-01-08,93.62,sdv-pii-irnao,4540230307683021
hickskimberly@example.net,False,BASIC,3.209529469093716,23 Jul 2020,2020-02-06,111.93,sdv-pii-xcxtj,4295046255784
shannon62@example.com,False,BASIC,0.0,24 Feb 2020,2021-01-06,146.77,sdv-pii-avh8y,213158179323505
swilliams@example.com,False,BASIC,20.138715173704377,10 Dec 2020,2020-12-18,120.14,sdv-pii-lemk3,502056146298
bernarddavid@example.com,False,SUITE,22.646664034829485,10 Dec 2020,2020-05-10,120.44,sdv-pii-38by5,4468109270892889043
tammy21@example.com,False,DELUXE,12.586953757751965,17 Mar 2020,2020-11-11,145.15,sdv-pii-rviq6,30394831136917
garyhuang@example.net,False,BASIC,2.3880998917414793,05 Jan 2020,2020-09-11,143.11,sdv-pii-dyyh0,345096803205733
christopherharrison@example.com,True,BASIC,9.332890350076392,25 Mar 2020,2020-04-15,170.52,sdv-pii-37tuj,4982317529921464
danielsemma@example.org,False,BASIC,1.0550641157577354,09 Jul 2020,2021-01-08,115.77,sdv-pii-hyycw,4573418405753081
austin76@example.org,True,SUITE,6.378809653668437,12 Jan 2020,2020-09-29,94.68,sdv-pii-72l7g,3552310759320962
yatesnathan@example.net,True,BASIC,0.0,18 Aug 2020,2020-05-10,265.92,sdv-pii-u7kmw,6011435252961075
zrivera@example.net,False,BASIC,0.0,05 Jan 2020,2020-10-05,122.28,sdv-pii-anqw5,5427912967899154
trogers@example.org,False,BASIC,28.259575488288903,05 Jan 2020,2020-01-07,147.41,sdv-pii-cjla4,36247544610905
bonnieduke@example.org,True,DELUXE,9.043870021695444,16 Sep 2020,2020-10-25,131.98,sdv-pii-gi0x8,4884594494183314715
sethkoch@example.com,False,DELUXE,0.6693800886686105,18 Nov 2020,2021-01-08,153.07,sdv-pii-9xuej,6011946318083480
andersondaniel@example.org,True,SUITE,22.870236619201773,05 Jan 2020,2020-05-22,90.48,sdv-pii-c8qs9,30551251859266
kristenmorales@example.net,False,DELUXE,2.2791058429760063,18 Dec 2020,2020-09-26,127.24,sdv-pii-thryk,3541549664164270
rodrigueztara@example.com,True,BASIC,18.673669973551036,07 Jan 2021,2020-02-22,102.81,sdv-pii-p4ri6,4566985891710996478
loganblair@example.org,True,DELUXE,10.79608133116136,07 Feb 2020,2020-09-21,83.8,sdv-pii-lrgjr,213131415746946
michael36@example.org,False,BASIC,0.0,25 Sep 2020,2020-06-07,91.23,sdv-pii-upn41,4008542492224295
higginssteven@example.org,False,DELUXE,8.156804619384834,26 Oct 2020,2020-06-27,100.8,sdv-pii-e8dky,30161894054661
qlamb@example.com,False,DELUXE,9.265563898441188,12 Oct 2020,2020-12-20,83.8,sdv-pii-ormeq,2701544751885687
smithkarla@example.com,False,BASIC,12.2759547118625,12 Jun 2020,2020-11-16,133.6,sdv-pii-pcnme,6011531790894891
kendraguzman@example.com,False,SUITE,7.62588910715259,28 May 2020,2020-02-21,152.98,sdv-pii-c9g9l,570374871376
hevans@example.org,True,SUITE,3.4165054484008053,05 Jan 2020,2020-11-13,93.03,sdv-pii-xgfia,4655263289567996
andersonrichard@example.net,True,BASIC,0.0,29 Aug 2020,2020-12-15,113.47,sdv-pii-budqd,370958554264763
maryflores@example.com,False,BASIC,4.385456300894649,15 Feb 2020,2020-08-20,138.92,sdv-pii-evm2c,4888634992548680
flemingstephanie@example.com,True,BASIC,20.72167710215528,29 Mar 2020,2021-01-08,87.7,sdv-pii-obmaj,4834073267749126
hallteresa@example.org,False,SUITE,6.3340439397248876,09 Jul 2020,2020-01-07,118.48,sdv-pii-aromr,3576691999388097
nbarrett@example.com,False,DELUXE,17.512656899944893,25 Feb 2020,2020-05-03,197.19,sdv-pii-jt1vj,4369224929591
michaelmoore@example.org,False,BASIC,0.0,24 Jul 2020,2020-06-21,83.8,sdv-pii-46ak9,3587319457809274
fcook@example.com,True,DELUXE,0.0,25 Jan 2020,2020-08-10,139.94,sdv-pii-ayhyz,30011168727155
david14@example.net,False,BASIC,7.58441223891378,09 Jul 2020,2020-10-27,141.67,sdv-pii-tjyx5,4875748673188061230
adamramirez@example.org,True,SUITE,5.257915129118452,08 Nov 2020,2020-01-28,140.07,sdv-pii-8x8er,6011378996746529
johnsondanny@example.net,True,DELUXE,1.2382449337355848,26 Apr 2020,2020-12-29,149.41,sdv-pii-snu2l,213139869451764
brian10@example.org,False,SUITE,8.358807268784467,05 Jan 2020,2020-09-14,230.49,sdv-pii-fb0x9,30133438943048
dlynn@example.net,False,BASIC,14.21221277673227,11 Jul 2020,2020-11-29,98.49,sdv-pii-mgz4e,3590173342524530
josephgreene@example.org,True,SUITE,0.5762639551850797,09 Aug 2020,2020-10-17,144.38,sdv-pii-1dfke,4990705302071
msmith@example.org,False,BASIC,0.0,08 Aug 2020,2020-06-21,118.42,sdv-pii-uoa43,639067772132
nicholasmorton@example.net,True,BASIC,4.382566875067893,04 Aug 2020,2020-07-06,162.1,sdv-pii-uno27,4049977449475858
aweaver@example.net,False,BASIC,0.5753991548079007,04 Oct 2020,2020-05-26,85.16,sdv-pii-p398w,340823063679538
walkeramber@example.net,True,BASIC,0.0,14 Jul 2020,2020-12-16,147.46,sdv-pii-caazm,4054419616172366
jamesburnett@example.com,False,DELUXE,11.473569939214649,16 Aug 2020,2020-08-15,149.54,sdv-pii-fvmd4,5207319464109994
lesliewinters@example.org,False,DELUXE,0.0,14 Jul 2020,2020-08-01,227.66,sdv-pii-ny03h,30404412623603
colleen71@example.net,False,DELUXE,29.215793302672022,04 Apr 2020,2020-10-15,83.8,sdv-pii-qlqs1,5470789615374145
isnow@example.com,False,DELUXE,8.288024807378667,07 Jan 2021,2020-07-31,89.25,sdv-pii-mm4bz,376373370114339
shaunkramer@example.net,False,BASIC,8.35318742319011,24 Sep 2020,2021-01-08,109.36,sdv-pii-9ow9v,30295782464978
eclarke@example.net,False,BASIC,24.375133520143244,25 Jul 2020,2020-09-24,137.86,sdv-pii-0muv4,502053012345
lesliehoffman@example.org,True,DELUXE,28.19957164601841,08 Nov 2020,2020-01-15,95.39,sdv-pii-w3w3t,30316689698805
hcoleman@example.org,True,DELUXE,0.0,26 Sep 2020,2021-01-08,135.16,sdv-pii-2mdjs,4757120221521233
amorales@example.com,True,BASIC,15.28427205715838,21 Oct 2020,2020-06-10,83.8,sdv-pii-73yl6,5224253454615778
jillsanders@example.com,False,SUITE,3.508290017467658,31 Oct 2020,2021-01-08,84.13,sdv-pii-1cqaf,4109980658732495
ramosstefanie@example.org,False,BASIC,0.0,05 Jan 2020,2020-07-16,83.91,sdv-pii-7fbll,3530406333964098
watsonlisa@example.com,True,BASIC,2.0674795817872367,07 Jan 2021,2020-06-08,130.18,sdv-pii-jia7j,3536092405925847
ihogan@example.net,True,DELUXE,0.0,03 Jun 2020,2020-07-09,244.03,sdv-pii-dee9y,180022379656339
pdonaldson@example.com,True,SUITE,15.8741807607468,30 Sep 2020,2021-01-08,113.12,sdv-pii-m5gz4,5575657950741059
qnichols@example.com,False,SUITE,9.374644052682694,05 Jan 2020,2020-03-28,83.8,sdv-pii-n3ezo,2269600127636032
sramsey@example.net,True,BASIC,0.0,17 Apr 2020,2020-03-01,108.98,sdv-pii-ojmj4,30543824290236
shelbymoses@example.org,True,DELUXE,10.805386813560691,28 Nov 2020,2020-06-14,85.02,sdv-pii-ofw9j,4170247221575551736
davismichelle@example.com,True,BASIC,7.498996570890874,19 Sep 2020,2020-05-04,109.52,sdv-pii-4xv8t,3568541284808368
mitchelljoel@example.com,False,BASIC,27.13317942926784,15 Jan 2020,2021-01-08,103.66,sdv-pii-aur8m,676273742186
amber63@example.com,False,DELUXE,21.30559593674196,10 Nov 2020,2020-09-12,83.8,sdv-pii-8txiu,3516886696782401
heathercompton@example.net,True,DELUXE,0.0,02 Sep 2020,2020-07-23,92.06,sdv-pii-0rsca,370755572615723
schaeferdiane@example.net,True,BASIC,0.0,01 Sep 2020,2020-06-18,150.89,sdv-pii-oq3ru,213154631069604
nmendoza@example.net,True,BASIC,5.941744127122494,15 Aug 2020,2020-04-10,145.54,sdv-pii-rohn9,4974689898464769618
paula00@example.net,False,SUITE,2.4193028135728594,19 Dec 2020,2020-08-24,83.8,sdv-pii-birot,180099526063890
gloverbrian@example.net,False,DELUXE,8.34155888076237,24 Jul 2020,2020-07-15,146.12,sdv-pii-bkq17,375532001265775
kdavis@example.org,False,DELUXE,4.820993212317394,09 Nov 2020,2020-09-14,148.71,sdv-pii-2vfys,30558007492979
mprice@example.net,True,BASIC,0.0,05 Jan 2020,2020-01-07,89.86,sdv-pii-eenha,639086666935
barnettmichelle@example.net,True,DELUXE,0.0,11 Sep 2020,2020-07-05,173.69,sdv-pii-02c8b,2653682505536558
nicole55@example.com,False,BASIC,0.04494074030056905,25 Nov 2020,2021-01-08,83.8,sdv-pii-b6ugw,30465196003577
harrisfrancisco@example.net,False,DELUXE,0.0,21 Jul 2020,2020-11-22,225.28,sdv-pii-s98xw,4689124658856347
qreyes@example.com,True,BASIC,0.0,25 Dec 2020,2020-09-12,112.66,sdv-pii-q0pze,3509944125277961
laurenmorris@example.net,True,SUITE,4.6982544917280435,05 Jan 2020,2020-06-12,83.8,sdv-pii-zb5lj,3537296998990493
aaronroberts@example.com,False,BASIC,0.0,24 Oct 2020,2021-01-08,130.9,sdv-pii-d27qr,4479243777069
johnsonjulie@example.com,False,SUITE,0.0,30 May 2020,2020-12-19,86.19,sdv-pii-7pvdx,6011936685364902
bdiaz@example.com,False,DELUXE,0.0,04 May 2020,2020-04-12,136.55,sdv-pii-nbttz,343233978464496
dmay@example.net,False,BASIC,14.374226331239731,24 Aug 2020,2021-01-08,140.3,sdv-pii-6eeho,4409357460188017
vkidd@example.net,False,DELUXE,14.316715916729187,16 Aug 2020,2020-03-22,83.8,sdv-pii-vq72n,30278156115616
aliciamarshall@example.org,False,DELUXE,15.285141528337661,20 Jan 2020,2020-02-09,114.33,sdv-pii-k8p2a,372486796901685
pamela63@example.org,False,DELUXE,9.511947778791178,27 Mar 2020,2020-04-15,199.41,sdv-pii-3liar,6011538838505504
mooredavid@example.net,False,BASIC,23.98350655682853,11 Mar 2020,2020-06-18,98.24,sdv-pii-785rs,4216400571145
adam57@example.net,False,DELUXE,0.0,08 Mar 2020,2020-08-18,232.32,sdv-pii-7vha1,4750974728152
ddavis@example.net,True,BASIC,7.5220274082199765,27 May 2020,2020-01-07,233.49,sdv-pii-f1fds,2224595292403867
kevinrobbins@example.org,True,BASIC,2.783480019684344,31 Mar 2020,2020-04-04,201.43,sdv-pii-k9sym,4362309290188379460
smartin@example.com,False,BASIC,11.803577933541346,30 Jun 2020,2020-03-24,203.65,sdv-pii-756tf,3567018653266586
gail69@example.net,False,BASIC,12.684596795329503,13 May 2020,2020-10-18,138.79,sdv-pii-i1rwd,3552554156154918
william53@example.net,True,DELUXE,4.650454366753242,05 Jan 2020,2020-05-10,199.45,sdv-pii-zqnwx,180087956448418
hernandezelizabeth@example.com,False,BASIC,2.7746101666338663,07 Sep 2020,2020-11-15,102.67,sdv-pii-agcb6,4574112893516
brownaaron@example.com,False,BASIC,0.0,15 Jan 2020,2020-12-23,212.9,sdv-pii-9861s,4078780895950737
ihughes@example.org,True,SUITE,0.0,18 Oct 2020,2021-01-08,205.9,sdv-pii-2z8pb,2284622259486508
millerlori@example.com,False,SUITE,3.826957806273846,19 Sep 2020,2020-06-25,92.07,sdv-pii-b90ot,2720242305764477
margaret83@example.com,True,DELUXE,0.0,05 Jul 2020,2020-03-01,115.65,sdv-pii-97kiy,30402769486749
amysantana@example.net,False,BASIC,1.5309421972453805,06 Apr 2020,2020-06-02,83.8,sdv-pii-7s0lf,4126967054889739
rtanner@example.net,True,BASIC,4.31708556266951,28 Oct 2020,2020-04-06,169.71,sdv-pii-b4hb7,2246893942500388
kalvarez@example.com,True,SUITE,11.050191080654654,28 Jul 2020,2020-09-14,95.31,sdv-pii-e0ig0,180089103516121
bushlisa@example.org,False,SUITE,0.0,10 Feb 2020,2020-12-29,156.24,sdv-pii-crjs0,4951359678317331
bradleyflores@example.org,False,BASIC,0.0,06 May 2020,2021-01-08,83.8,sdv-pii-wauhb,4483794378147553
stephaniesimpson@example.com,False,BASIC,6.090156295185846,10 Nov 2020,2020-01-31,146.4,sdv-pii-hqq8t,4067044695257
gina93@example.org,False,DELUXE,1.478530211622807,05 Jan 2020,2020-05-18,160.5,sdv-pii-bt5ur,30033854450447
devinadams@example.com,False,BASIC,17.116783849224483,10 Apr 2020,2020-07-05,142.84,sdv-pii-8ht7o,6011188861392956
utate@example.net,True,SUITE,4.955819810500552,09 Aug 2020,2020-08-18,104.5,sdv-pii-w8r3c,4719866514145
jennifer38@example.org,True,DELUXE,0.0,31 Jan 2020,2020-08-02,184.86,sdv-pii-7rnym,3523167547177609
vchapman@example.org,False,DELUXE,0.0,29 Mar 2020,2020-02-17,135.49,sdv-pii-ivvbn,676113847104
nelsonaustin@example.com,False,DELUXE,0.0,24 Aug 2020,2020-11-21,175.99,sdv-pii-m5k7m,3578793601974641
qwhite@example.net,False,BASIC,2.5056237765937803,24 Nov 2020,2021-01-08,106.76,sdv-pii-tnfi3,5320192220219460
melissapeterson@example.org,False,BASIC,14.588553961720146,05 Jan 2020,2020-05-23,150.45,sdv-pii-um1xn,30468848365147
lmartinez@example.net,False,BASIC,0.0,01 Feb 2020,2020-07-14,137.15,sdv-pii-le2ke,639017226700
bnash@example.com,False,SUITE,3.418454482090194,14 Nov 2020,2020-06-13,130.08,sdv-pii-ph7c7,379144732415269
orobbins@example.com,False,DELUXE,29.191147233144797,08 Feb 2020,2020-02-02,132.24,sdv-pii-w9l48,213191248248635
singhchristine@example.net,True,SUITE,5.15361402161319,21 May 2020,2021-01-08,102.72,sdv-pii-my88h,4238467242604723
frobinson@example.com,True,DELUXE,4.184173081703236,18 Nov 2020,2020-08-06,117.06,sdv-pii-qo90k,373506138813329
larry89@example.org,False,BASIC,14.690398831354162,10 Jul 2020,2020-12-17,83.8,sdv-pii-ptlpx,4297244935546984
michaeldixon@example.net,False,BASIC,5.950898725877829,05 Jan 2020,2020-12-17,101.99,sdv-pii-jy39p,30210743863358
lmays@example.org,False,DELUXE,0.0,01 Feb 2020,2021-01-08,108.07,sdv-pii-ye8zu,6011894150851723
wilsonbrooke@example.org,False,DELUXE,0.09897165168032562,17 Sep 2020,2020-01-16,102.27,sdv-pii-zk2kk,573574334476
jessica34@example.com,False,SUITE,15.207754878395324,25 Aug 2020,2020-02-28,83.8,sdv-pii-4h4uf,4925653494378634447
sara55@example.net,False,DELUXE,14.846757705568503,27 Aug 2020,2020-08-05,124.77,sdv-pii-2zxn1,3560024171294313
bakermark@example.net,False,DELUXE,26.835613953144865,22 Mar 2020,2020-10-24,83.8,sdv-pii-afkk0,4077751026471
jennifer19@example.net,False,BASIC,6.6238045023242,11 May 2020,2020-08-18,104.14,sdv-pii-golig,503811261562
heidi64@example.net,False,BASIC,9.799965436993556,04 Jun 2020,2020-11-08,92.66,sdv-pii-fljad,3579454565957614
thompsonkaitlyn@example.com,False,DELUXE,0.0,07 Jan 2021,2021-01-01,143.16,sdv-pii-bzxnx,3507072047592234
shermansheila@example.org,False,BASIC,2.5154972932686306,09 Jan 2020,2020-03-26,83.8,sdv-pii-s8tk4,3564285459626262
alexandrabrown@example.com,False,BASIC,6.690044769767228,10 Aug 2020,2020-10-02,92.97,sdv-pii-898as,630486912268
elucas@example.org,False,DELUXE,0.0,16 Dec 2020,2020-04-19,83.8,sdv-pii-1vnde,373003745201031
pcannon@example.org,False,SUITE,33.19951278611705,18 Oct 2020,2020-03-07,305.03,sdv-pii-zal90,4889033146037147
reginald57@example.net,True,DELUXE,0.0,16 Nov 2020,2021-01-08,149.88,sdv-pii-baqy1,3548827369789010
psheppard@example.net,True,BASIC,10.323364025789246,16 Apr 2020,2020-04-14,126.77,sdv-pii-xrza8,502074436705
jacksonbeth@example.com,True,SUITE,1.5789659202300026,25 Nov 2020,2021-01-08,128.46,sdv-pii-8wxm7,2714163511766312
gpowell@example.com,True,SUITE,0.0,10 Jan 2020,2020-04-20,127.79,sdv-pii-zln7u,213163045881827
carriehernandez@example.org,True,BASIC,3.6020326888781504,27 Jul 2020,2020-07-02,83.8,sdv-pii-fy3wj,6011502969877355
pwashington@example.org,False,SUITE,19.84459263144579,05 Apr 2020,2020-06-17,147.52,sdv-pii-g6bzk,4288002084749192
mauriceluna@example.org,False,DELUXE,0.0,16 Apr 2020,2020-07-02,205.06,sdv-pii-9qxab,180092541740543
atkinstina@example.net,False,DELUXE,24.197958784666756,05 Jan 2020,2020-05-19,98.03,sdv-pii-k3xyt,4711111837161873
hsullivan@example.com,False,DELUXE,0.0,25 Jul 2020,2020-05-22,106.31,sdv-pii-7u0ub,3538484431535781
ybush@example.net,False,DELUXE,1.6446482767210044,24 May 2020,2020-02-02,83.8,sdv-pii-kb1zs,4874454592693661
wkaiser@example.com,True,SUITE,0.0,15 Sep 2020,2020-09-15,104.72,sdv-pii-9239o,4786065173464459
jenningskimberly@example.org,False,BASIC,9.357401754972278,08 Mar 2020,2020-07-08,107.4,sdv-pii-4liho,5360892947163815
baileycasey@example.com,True,DELUXE,0.0,16 Aug 2020,2020-11-06,121.02,sdv-pii-v5xi2,6011883077792896
joshua43@example.com,False,BASIC,0.0,25 Aug 2020,2020-12-15,140.67,sdv-pii-xpisf,4595769548236
bensonpatrick@example.org,True,DELUXE,0.0,11 Apr 2020,2020-04-02,89.21,sdv-pii-yl6j2,3562464837794231
christopher25@example.com,False,BASIC,35.06911628462289,03 Jun 2020,2020-01-07,184.6,sdv-pii-0xiv5,3541904722384131
xlopez@example.com,False,DELUXE,25.240221598697218,22 Sep 2020,2020-05-30,98.34,sdv-pii-74p9g,4944634059098811
slynch@example.com,False,BASIC,0.0,14 Aug 2020,2020-10-13,116.95,sdv-pii-dktwe,213192089099939
ckim@example.com,False,DELUXE,0.0,28 Jan 2020,2021-01-08,191.3,sdv-pii-cin6a,676393861106
paynestephanie@example.org,False,BASIC,5.490029182160944,24 Apr 2020,2020-09-20,129.86,sdv-pii-i6ax3,4981992364586597
abigail45@example.net,False,SUITE,0.9867867341734105,24 Mar 2020,2020-04-08,161.35,sdv-pii-5rqz1,5485099409737314
kirktimothy@example.org,False,DELUXE,14.003677698698427,23 Jul 2020,2020-07-18,190.79,sdv-pii-qoroo,3556852218597322
taylorashley@example.net,False,SUITE,21.11142653909939,10 Dec 2020,2020-03-07,107.41,sdv-pii-xfj6h,4014987326905183
xavier67@example.net,True,BASIC,0.0,29 Sep 2020,2020-09-03,83.8,sdv-pii-8kna1,3550229906330207
alanburch@example.org,True,DELUXE,0.0,09 Oct 2020,2020-03-22,207.7,sdv-pii-pzkw3,5262316578315394
lpeterson@example.net,True,BASIC,4.699817890309792,16 Aug 2020,2020-10-30,98.02,sdv-pii-j3izv,4951994403905
heather26@example.org,False,BASIC,34.85284968924791,21 Jul 2020,2020-05-14,183.67,sdv-pii-qtkay,4858844753437228977
hammondernest@example.org,True,BASIC,23.818968541819704,25 May 2020,2020-09-02,88.91,sdv-pii-z98xr,38778604029451
bpearson@example.com,True,SUITE,22.876544277917738,18 Jul 2020,2020-02-03,124.65,sdv-pii-gnujm,30356382444776
dawn03@example.org,True,BASIC,21.506883654992578,05 Jun 2020,2020-12-16,205.62,sdv-pii-w8h89,373653783704849
flynndanny@example.net,False,BASIC,23.065181840677152,11 Sep 2020,2020-04-28,100.15,sdv-pii-a6us0,676310185464
danielsolivia@example.net,False,BASIC,14.107290445670778,28 Jan 2020,2020-03-08,137.28,sdv-pii-g9bu6,676355506178
figueroadaniel@example.org,False,BASIC,17.47539189798867,23 Jul 2020,2020-03-20,83.8,sdv-pii-3vyyz,4256208824627
jeremyallen@example.com,False,SUITE,6.418571788264116,17 Aug 2020,2020-08-09,169.67,sdv-pii-9j1g1,3511588730192028
marieking@example.com,True,BASIC,18.938968273153012,11 Jul 2020,2020-12-14,100.07,sdv-pii-gmplc,348936356551065
orrmariah@example.net,False,BASIC,1.2522039076556872,23 Mar 2020,2020-09-20,85.33,sdv-pii-v1nt6,4776898341163641
jason68@example.net,True,DELUXE,0.41691366248611383,25 Mar 2020,2020-10-04,91.16,sdv-pii-01b59,372670543701916
abruce@example.net,True,BASIC,29.129476426615213,18 Jan 2020,2021-01-08,90.93,sdv-pii-o85t6,4604185780399524
phelpsjames@example.net,False,BASIC,0.0,14 Jul 2020,2020-09-20,83.8,sdv-pii-vkcts,3574453752594136
wzimmerman@example.com,False,SUITE,7.576758491595167,20 Feb 2020,2021-01-08,214.95,sdv-pii-kd2wv,344950528263222
larsenashley@example.org,True,DELUXE,0.0,16 Jul 2020,2020-04-18,144.96,sdv-pii-6qs32,4971466340815
timothystevens@example.com,True,BASIC,34.77932576509109,16 Jan 2020,2020-07-18,100.68,sdv-pii-515ct,2564349096421354
browningjessica@example.com,False,BASIC,18.95114202488045,05 Jan 2020,2020-01-07,150.6,sdv-pii-5slfy,4021519863783
jennifer46@example.org,True,DELUXE,30.165398676418352,17 Jul 2020,2020-09-20,90.48,sdv-pii-cj76m,213144052190146
cervantesrobin@example.net,False,DELUXE,16.73766899577195,24 Sep 2020,2020-04-08,147.24,sdv-pii-xjc92,4315149158572441497
riosstephen@example.org,False,SUITE,3.867147050198234,20 Jun 2020,2020-10-27,106.88,sdv-pii-g49yh,4826639678235453350
dwilliams@example.com,False,BASIC,0.40169687157587197,24 Jul 2020,2020-01-07,83.8,sdv-pii-zvzok,371560937022006
vanessa72@example.org,True,BASIC,4.128550126536105,02 Jul 2020,2020-11-12,83.8,sdv-pii-arysh,6542864889197266
victoriataylor@example.com,False,BASIC,32.10500574565736,05 Jan 2020,2020-05-09,126.58,sdv-pii-s3l3f,4189171185991
joshua20@example.com,False,BASIC,30.283200800629402,10 Jul 2020,2020-07-17,83.8,sdv-pii-op8si,340955882734399
jose64@example.com,False,DELUXE,9.725057012937775,22 Apr 2020,2020-09-28,123.07,sdv-pii-9skz2,3519689438216101
kathleendiaz@example.org,False,DELUXE,9.364783427722685,21 Jul 2020,2020-07-06,302.85,sdv-pii-u4dky,566820369809
olsenroberta@example.net,True,SUITE,29.5993369231047,27 Oct 2020,2020-08-21,218.9,sdv-pii-4y0ft,4671949037761812
turnerwilliam@example.com,True,SUITE,24.53877204705224,01 Jul 2020,2020-03-09,83.8,sdv-pii-zgpuj,4869760616509007
gabrielross@example.org,True,SUITE,5.897022279183725,01 Sep 2020,2020-11-04,130.78,sdv-pii-w3mmo,38527408016077
ohunter@example.org,False,BASIC,7.611956394471318,01 Aug 2020,2020-06-08,99.17,sdv-pii-4j75q,4639194489390
srodriguez@example.net,False,DELUXE,16.56337145455619,01 Mar 2020,2020-07-12,137.65,sdv-pii-02xec,6011377036966782
warrenchristopher@example.net,False,BASIC,0.0,25 Aug 2020,2020-11-20,83.8,sdv-pii-5jnq5,180093086472526
lwright@example.net,False,DELUXE,0.0,05 Jun 2020,2020-08-02,97.86,sdv-pii-9v2e5,589762093229
vsalinas@example.org,False,SUITE,0.39842402171451674,23 Sep 2020,2020-11-05,106.97,sdv-pii-ktyat,4422284177170187244
suerussell@example.net,False,BASIC,0.0,07 Jan 2021,2020-07-02,131.55,sdv-pii-xl4hc,213196878204162
mckeemark@example.com,False,DELUXE,0.0,14 Jan 2020,2020-10-14,111.33,sdv-pii-ra9w7,4727002595167160077
vobrien@example.net,False,BASIC,17.914782246474925,20 Jul 2020,2020-07-22,132.96,sdv-pii-fjh0m,4778163216501742524
xreyes@example.org,False,BASIC,0.0,05 Jan 2020,2020-12-13,162.36,sdv-pii-w2kuq,180005440030527
ericksonalexandra@example.org,False,DELUXE,0.0,30 Dec 2020,2020-06-30,83.8,sdv-pii-m34in,347284030660312
michaelmiddleton@example.com,False,BASIC,0.28365573818797896,28 Sep 2020,2020-12-25,89.92,sdv-pii-99p2m,4308237027580564657
osingh@example.net,False,DELUXE,0.24471023794931313,11 Aug 2020,2020-07-13,150.45,sdv-pii-fow2j,36686250919606
hcameron@example.org,False,BASIC,7.807258308268303,17 Feb 2020,2020-12-03,137.79,sdv-pii-1nh0p,3593765564053903
emily77@example.com,False,SUITE,30.345513258740464,08 Jul 2020,2020-11-22,185.14,sdv-pii-0zzqe,30121954122337
lisaboone@example.com,False,BASIC,11.443868736130035,30 Jun 2020,2020-06-11,92.41,sdv-pii-yzleo,4378118885176137
scott09@example.org,True,DELUXE,14.524954348813662,08 Aug 2020,2020-01-07,162.94,sdv-pii-izima,3597690840801105
fjackson@example.net,False,BASIC,3.335029954501762,27 Jul 2020,2020-05-18,94.25,sdv-pii-w07zk,4258242244556
munozmichelle@example.net,False,SUITE,18.660552426883175,30 Mar 2020,2020-07-09,91.33,sdv-pii-166y2,4834576111437
christophersimmons@example.net,True,BASIC,6.275835166107834,17 Jun 2020,2020-12-23,83.8,sdv-pii-14nor,30296942109701
csantos@example.com,False,BASIC,5.682263218823502,23 Jan 2020,2020-10-22,106.19,sdv-pii-x75gv,3581705241826564
valenciajason@example.org,False,SUITE,7.9897775878475725,15 Nov 2020,2020-06-07,112.63,sdv-pii-sdgdw,6011543919094139
joseph88@example.org,False,SUITE,0.0,29 Jan 2020,2021-01-08,107.82,sdv-pii-lpq3s,4462111483663
nguyenjohn@example.net,False,BASIC,0.0,10 Jul 2020,2020-11-24,83.8,sdv-pii-bjunz,4309043997747480
justindunn@example.org,False,BASIC,2.074272222227304,13 Jan 2020,2020-05-10,186.61,sdv-pii-ghtf4,675990735770
brittany81@example.org,False,DELUXE,0.0,05 Jan 2020,2020-07-06,83.8,sdv-pii-4pe6p,4776445031751
edwardchang@example.net,False,BASIC,0.0,04 Aug 2020,2020-07-19,83.8,sdv-pii-uauyt,345301297513794
sawyerjessica@example.com,False,BASIC,25.98812771027673,31 Jan 2020,2020-12-15,122.83,sdv-pii-ovrm2,6540322474189083
georgebarrett@example.org,False,SUITE,26.830486271545155,05 Jan 2020,2020-02-11,167.41,sdv-pii-s8pjt,4954522792171018422
robertsmith@example.org,False,BASIC,0.0,21 Jun 2020,2020-12-19,179.97,sdv-pii-kvcsm,4607804545812111
hughesrachel@example.com,False,BASIC,24.189856367225893,05 Jan 2020,2020-01-07,174.01,sdv-pii-17yke,4881686828511800
justin63@example.net,False,BASIC,1.1241581813506893,27 Jul 2020,2020-10-05,205.27,sdv-pii-lk3ei,3521589353854694
savannahsaunders@example.net,False,SUITE,0.0,07 Jan 2021,2020-08-08,83.8,sdv-pii-vrwio,4124201222157312
bharris@example.net,False,BASIC,14.679101881047254,15 Sep 2020,2020-06-16,101.51,sdv-pii-1yd8w,30118867160826
jaredray@example.net,True,SUITE,11.593501096678033,05 Jan 2020,2020-12-10,326.43,sdv-pii-3njds,676350041379
alan80@example.net,False,DELUXE,0.0,29 Apr 2020,2020-12-12,83.8,sdv-pii-lhozc,4224652299862755
nelsondana@example.com,False,BASIC,1.8276816299720675,05 Jan 2020,2020-04-29,228.54,sdv-pii-wix8n,3593252092433865
qpalmer@example.net,True,DELUXE,18.358465774305003,29 May 2020,2020-07-15,143.25,sdv-pii-3swcw,4333646400077202961
wesleywest@example.net,False,SUITE,3.508738150898763,23 Jun 2020,2020-10-24,83.8,sdv-pii-unfw3,213169821994619
jason31@example.com,True,DELUXE,19.293207860723832,28 Mar 2020,2020-02-22,111.73,sdv-pii-y4ebt,501878086377
phillipsrobert@example.com,True,DELUXE,0.0,05 Jan 2020,2021-01-08,83.8,sdv-pii-0b1uv,30076543244465
adam76@example.net,False,DELUXE,30.601191851747885,07 Jan 2021,2020-01-09,86.28,sdv-pii-jqdn4,4122149396528085
rachaeljackson@example.net,False,SUITE,1.3275527418496296,15 Mar 2020,2020-12-12,103.58,sdv-pii-9vwli,575975948713
martin95@example.net,False,DELUXE,13.43152803612208,14 Oct 2020,2020-07-31,345.31,sdv-pii-912p7,3532633477278898
bryanmoss@example.org,True,BASIC,4.028683709383333,31 Aug 2020,2020-12-24,91.39,sdv-pii-ip537,30021857064620
kellysimon@example.net,True,DELUXE,4.129349218517664,07 Oct 2020,2021-01-08,83.8,sdv-pii-l3hef,6011314906977276
troyadams@example.com,False,BASIC,43.466100740014795,23 Jun 2020,2020-10-03,90.61,sdv-pii-rocx7,4734278013404
susanterry@example.com,True,BASIC,0.0,07 Jan 2021,2020-12-21,102.01,sdv-pii-qotxf,3521663465711355
william31@example.com,False,BASIC,0.0,29 Jun 2020,2020-10-18,83.8,sdv-pii-in9qd,38609293025379
douglaslarry@example.net,False,BASIC,0.0,15 Jan 2020,2020-05-24,88.86,sdv-pii-4xd4w,4013360421927869835
christy51@example.net,False,SUITE,0.0,15 Feb 2020,2020-09-06,83.8,sdv-pii-mw2yp,6011801582063462
russosara@example.org,False,BASIC,0.0,17 Feb 2020,2020-10-04,163.37,sdv-pii-l6c57,4686868399144535647
scott70@example.org,False,SUITE,2.4194846433957533,05 Jan 2020,2020-09-20,253.87,sdv-pii-anjr9,30391900964682
lsalazar@example.net,False,BASIC,6.549898536237681,30 Jul 2020,2020-10-09,162.05,sdv-pii-ksru6,4196809311015906783
owalter@example.net,False,DELUXE,4.094874964823134,22 Jun 2020,2020-09-06,93.48,sdv-pii-fve03,340906192366158
jason73@example.net,False,BASIC,8.752156728684481,28 Feb 2020,2020-10-21,109.57,sdv-pii-tbgxa,3592700313867700
mitchellfarrell@example.org,False,DELUXE,11.538082974557055,17 Apr 2020,2020-03-14,101.33,sdv-pii-bmf8d,4393484533115666
juliewilson@example.org,False,SUITE,9.173096115738646,28 Nov 2020,2020-09-29,131.68,sdv-pii-ykmuo,5119157176929458
matthewwiggins@example.net,False,SUITE,48.12,09 Mar 2020,2020-10-15,90.32,sdv-pii-te0qv,30083576728877
ethankeith@example.com,False,BASIC,0.0,08 May 2020,2020-07-30,122.34,sdv-pii-zrapo,6011449494405171
williamwalton@example.org,True,SUITE,0.0,10 Feb 2020,2020-12-29,129.85,sdv-pii-ofu4n,4286486820278
rebekahbush@example.org,False,SUITE,0.0,03 Oct 2020,2020-09-11,92.04,sdv-pii-g9ax0,341622021483911
matthew42@example.net,False,BASIC,7.425662927202225,27 Jan 2020,2021-01-08,83.8,sdv-pii-ey918,3512057549155088
wrightpaula@example.org,False,BASIC,0.0,27 Jan 2020,2020-06-18,204.02,sdv-pii-f8ywl,3515362718510809
sydney37@example.net,False,SUITE,12.215330591900274,27 Jul 2020,2020-01-18,201.41,sdv-pii-95zpn,2251099914454271
xbrown@example.org,False,BASIC,5.559677395785576,21 Sep 2020,2020-08-31,94.75,sdv-pii-nribb,30265392695683
raymond21@example.com,False,SUITE,0.0,18 Nov 2020,2020-09-28,170.1,sdv-pii-luuqt,4055924383748
coxmelissa@example.com,True,BASIC,0.0,05 Jan 2020,2020-04-17,83.8,sdv-pii-2pol9,374375079847863
martinezantonio@example.org,False,BASIC,0.0,15 Oct 2020,2020-03-17,98.41,sdv-pii-xxonc,4252028445665502678
schroederdebbie@example.com,True,BASIC,32.204148457092394,09 Jul 2020,2020-04-28,107.21,sdv-pii-o8hrd,213195334955516
jrios@example.com,False,DELUXE,0.0,12 May 2020,2020-06-20,182.84,sdv-pii-qc2sj,676167958476
hwilson@example.com,False,DELUXE,0.0,09 Mar 2020,2020-05-21,181.85,sdv-pii-huszz,6011884745343385
parktammy@example.org,False,BASIC,4.952869039895518,05 Jan 2020,2020-03-02,119.19,sdv-pii-twzi2,180051789318362
daniel47@example.net,False,DELUXE,2.932210584869998,19 Oct 2020,2020-10-26,193.37,sdv-pii-by8ym,4938077223960292
longkaren@example.net,False,BASIC,27.743331383396217,02 Feb 2020,2020-01-07,198.86,sdv-pii-og09o,349846148851054
sherry11@example.net,False,SUITE,3.883280660354286,29 Sep 2020,2020-10-31,99.26,sdv-pii-4n9l7,4270839138194556
danny80@example.net,False,BASIC,0.0,25 Jun 2020,2020-04-27,116.69,sdv-pii-nfhok,4785491039250729
shelleyroberts@example.net,True,DELUXE,0.0,25 Aug 2020,2020-12-31,123.63,sdv-pii-uh4w4,3560760952421894
marisa28@example.com,False,SUITE,1.4988689711010732,13 Jun 2020,2020-03-27,98.95,sdv-pii-muaf3,630493236156
lbrown@example.com,False,DELUXE,9.54617841934237,13 Jul 2020,2020-12-07,109.37,sdv-pii-pabt1,348518427694080
rodney38@example.net,True,SUITE,0.0,28 Oct 2020,2020-07-16,83.8,sdv-pii-l2xxb,3596152274607947
ahicks@example.com,True,BASIC,4.943831036351687,05 Jan 2020,2020-02-09,116.18,sdv-pii-4ogto,2379406360700064
hbrooks@example.com,True,SUITE,10.955471958413948,14 Aug 2020,2020-05-30,143.36,sdv-pii-y9wds,30498461148736
danielmccarty@example.org,True,BASIC,0.0,30 Dec 2020,2021-01-08,172.88,sdv-pii-wzl9o,30214168891175
brookegilmore@example.com,False,BASIC,0.0,24 Jul 2020,2020-03-17,125.29,sdv-pii-orz3a,3543627941530469
normanyang@example.org,True,BASIC,0.0,05 Jan 2020,2020-06-13,121.18,sdv-pii-j4gku,4893052159184178
justinflores@example.net,True,DELUXE,0.0,25 Mar 2020,2021-01-01,103.24,sdv-pii-bzswl,3526744253689220
derrickrodriguez@example.org,False,BASIC,3.686977415547916,18 Sep 2020,2020-12-05,83.8,sdv-pii-ly8b3,4742481650423056756
alvarezrobert@example.org,False,DELUXE,0.0,28 Dec 2020,2021-01-08,83.8,sdv-pii-k01di,3599291408308373
paulmax@example.com,True,BASIC,25.70806717143143,10 Mar 2020,2020-11-15,110.39,sdv-pii-445q0,4025163778161991
curtisrobert@example.net,False,SUITE,0.0,03 Feb 2020,2021-01-08,109.44,sdv-pii-g83x4,4897878341540224237
wrighttamara@example.org,True,BASIC,0.24080524907157264,20 Sep 2020,2021-01-08,83.8,sdv-pii-8bw3g,6534354955182400
espinozarachel@example.com,False,SUITE,3.110404550451775,14 Jan 2020,2020-11-05,92.34,sdv-pii-xn0lp,2328448220465753
joereyes@example.org,False,SUITE,8.167085431611364,30 May 2020,2020-04-06,145.83,sdv-pii-yf81i,376238870432871
fneal@example.org,False,BASIC,1.801468646272987,05 Jan 2020,2020-10-29,89.76,sdv-pii-oatk1,3571965009500262
bishopdarrell@example.com,False,BASIC,0.0,05 Jan 2020,2020-06-29,95.73,sdv-pii-lsqb7,378167988784923
mary27@example.net,False,SUITE,0.0,03 Dec 2020,2020-07-05,83.8,sdv-pii-4exwf,4491157696896
hsimmons@example.org,True,DELUXE,8.539571648374876,06 Sep 2020,2021-01-08,109.09,sdv-pii-uf7n7,4280941489784908
susan14@example.net,False,SUITE,21.64446026775951,22 Jun 2020,2020-06-18,83.8,sdv-pii-0sigm,213152280504590
rachelochoa@example.net,False,DELUXE,0.0,08 Feb 2020,2020-06-24,95.28,sdv-pii-p0ejc,4709285341975549375
darmstrong@example.com,False,BASIC,11.960790913734424,19 Sep 2020,2020-08-03,109.21,sdv-pii-dgger,4223863018048894168
williamsjohn@example.org,False,DELUXE,2.076740778677376,22 Mar 2020,2020-11-15,88.33,sdv-pii-l50pc,4351596888847757
bwoodward@example.org,False,BASIC,8.80377224998534,29 Jul 2020,2020-07-15,84.66,sdv-pii-pphrn,4117874618527659
abennett@example.com,False,BASIC,0.0,24 May 2020,2021-01-04,123.69,sdv-pii-hpvei,4126845094850798878
rpeterson@example.net,False,SUITE,0.0,03 Aug 2020,2021-01-08,122.19,sdv-pii-vbnwx,4338977075636625
igardner@example.com,False,BASIC,7.592016569067982,07 Jan 2021,2020-02-08,119.75,sdv-pii-wepc6,676211622904
cassandra76@example.org,False,DELUXE,0.0,05 Jan 2020,2020-07-24,125.14,sdv-pii-ve4mw,2720254948495195
amanda39@example.com,False,DELUXE,1.987536046382968,05 Jun 2020,2020-06-06,101.18,sdv-pii-s4gi5,4153689131942276969
qwatkins@example.org,False,DELUXE,20.528168420392934,09 Aug 2020,2020-05-19,83.8,sdv-pii-q63gp,3508845467998885
justincarter@example.com,True,SUITE,17.645826516572956,18 Jul 2020,2020-04-28,154.4,sdv-pii-q3lgc,3560087970107069
mbailey@example.net,False,DELUXE,0.0,27 Apr 2020,2020-07-17,134.03,sdv-pii-hl3ws,4545634798755277582
obrienomar@example.com,False,DELUXE,0.0,05 Jan 2020,2021-01-08,83.8,sdv-pii-lfprr,30556394524792
melissaharvey@example.com,True,SUITE,28.075360468033434,19 Jan 2020,2020-07-03,123.99,sdv-pii-64n6k,6588630539694514
qguzman@example.org,False,BASIC,0.0,08 Jan 2020,2020-05-06,129.06,sdv-pii-68xrr,3532259612035314
rford@example.org,True,BASIC,20.385475859289812,11 Nov 2020,2020-05-01,281.49,sdv-pii-l0n8f,3521010094536250
vmorris@example.org,False,DELUXE,11.1676328413471,11 Jul 2020,2020-11-16,119.43,sdv-pii-c5kim,6515944624093088
james28@example.net,False,BASIC,0.0,05 Jan 2020,2020-01-29,84.88,sdv-pii-v3be7,2279367264310734
wevans@example.org,False,BASIC,12.02375975580354,10 Oct 2020,2020-05-31,157.61,sdv-pii-5jhff,38832456557935
qwalker@example.net,True,SUITE,2.4390121315707027,17 Jul 2020,2020-07-03,157.19,sdv-pii-1nyuj,4934208279279311
smithanthony@example.net,False,BASIC,22.32547348090081,20 Aug 2020,2020-06-16,106.5,sdv-pii-okmrs,630467911354
boyddustin@example.org,False,BASIC,7.8607381137664465,22 Jun 2020,2021-01-08,151.82,sdv-pii-6jnrn,3540342908359794
tammycox@example.com,True,DELUXE,0.40813467751294574,16 Jul 2020,2020-10-22,97.14,sdv-pii-2mpwc,4782784252848895
jessicaanthony@example.net,True,DELUXE,19.848799757175314,11 Jan 2020,2020-03-07,83.8,sdv-pii-jocg9,30241255620787
yconrad@example.org,False,DELUXE,0.0,27 Oct 2020,2020-05-05,120.23,sdv-pii-itewo,502072459428
ugood@example.net,False,DELUXE,4.417586538693216,29 Nov 2020,2020-07-15,119.31,sdv-pii-njkpg,5360846516507158
yangjason@example.org,False,DELUXE,16.727857972780765,14 Dec 2020,2020-04-16,109.31,sdv-pii-9zmsl,4192137363174240522
matthewrobinson@example.net,False,BASIC,11.819240079457813,09 Jan 2020,2020-05-12,107.06,sdv-pii-6sa88,3532913220021591
tony64@example.org,False,SUITE,1.9515107487415082,13 Aug 2020,2020-11-05,90.26,sdv-pii-01xrv,180061672615840
sharon41@example.org,False,BASIC,8.406233747300888,23 Sep 2020,2020-09-07,100.44,sdv-pii-ul2rt,4066615792984408647
jamie59@example.net,False,SUITE,7.730974256438125,05 Jan 2020,2020-12-23,166.83,sdv-pii-i4zxd,30487374725409
barbara06@example.net,False,DELUXE,6.6017155753235475,02 Feb 2020,2020-07-16,127.65,sdv-pii-brp7p,3532180985559328
richard94@example.net,True,DELUXE,0.0,22 Jun 2020,2020-03-20,111.58,sdv-pii-1x4zc,213158293143078
stefaniesantiago@example.com,False,DELUXE,16.76253433937845,26 Dec 2020,2020-07-08,164.6,sdv-pii-0zwfj,2671986665159459
walkererica@example.org,False,SUITE,3.818820509534229,03 Sep 2020,2020-11-24,108.35,sdv-pii-y6i3a,4943602439967
dgarcia@example.com,True,SUITE,0.0,18 Feb 2020,2020-07-24,150.66,sdv-pii-ivkal,4148400819725024550
steven36@example.org,False,BASIC,0.0,05 Jan 2020,2020-04-03,192.13,sdv-pii-y7lei,4979607877656885
heather26@example.com,True,SUITE,0.0,20 Jul 2020,2020-07-06,110.11,sdv-pii-c0nae,4905922455205
martha12@example.net,True,DELUXE,3.867703848045984,24 May 2020,2020-11-28,193.1,sdv-pii-gqm30,4813489954844
brandynolan@example.net,False,BASIC,0.03198519956853296,04 Aug 2020,2020-08-04,118.22,sdv-pii-yk5gh,4164795104682223
emcpherson@example.com,False,SUITE,0.0,06 Sep 2020,2020-08-18,86.73,sdv-pii-g3ksl,3517439040221558
smithstephen@example.com,True,BASIC,18.9488678051732,10 Jul 2020,2020-02-05,153.92,sdv-pii-uy2gg,38165050008637
timothy17@example.org,False,DELUXE,1.2234758058153838,06 Oct 2020,2020-10-30,156.36,sdv-pii-7syfq,502079439506
joanna69@example.org,False,SUITE,0.0,31 Mar 2020,2020-05-30,93.53,sdv-pii-7x59k,502037534687
emilymclaughlin@example.net,False,DELUXE,5.578028480907759,03 Apr 2020,2020-02-07,104.36,sdv-pii-bwvme,630463122675
sparkstony@example.org,True,BASIC,0.8799933044074615,16 Jun 2020,2020-11-29,109.35,sdv-pii-pdqa0,4763916809319508
kathrynhuff@example.org,False,BASIC,0.0,12 Aug 2020,2020-10-27,97.17,sdv-pii-3v4ga,30346210566031
jessica43@example.org,True,DELUXE,29.165191749803057,25 Oct 2020,2020-09-11,102.25,sdv-pii-2n81i,30194008614484
goodmichael@example.com,True,BASIC,0.2501410621394715,30 Oct 2020,2020-03-01,83.8,sdv-pii-fvogh,4526165890641
ccole@example.com,False,BASIC,1.951985532615895,05 Jan 2020,2020-09-15,105.42,sdv-pii-ovnxf,30276530594928
ewhite@example.com,True,DELUXE,3.5221015742232495,16 May 2020,2020-06-19,117.42,sdv-pii-215lx,4268417937340425
qcollins@example.com,False,SUITE,4.707112624040809,25 Jul 2020,2020-04-27,109.52,sdv-pii-4euse,502043584908
wilsonsuzanne@example.com,False,BASIC,7.8631306475133975,31 Jan 2020,2020-06-01,129.75,sdv-pii-q9r62,4272284844331887
jessicaweaver@example.org,False,SUITE,16.96804858979768,25 Jan 2020,2021-01-08,83.8,sdv-pii-quimt,4771392798575487076
trevor92@example.com,False,DELUXE,8.092983284461111,07 Jan 2021,2020-04-05,90.93,sdv-pii-6ylrj,3598729602893345
matthew28@example.com,True,DELUXE,0.0,07 Jan 2021,2021-01-08,122.43,sdv-pii-uqxea,501882262238
andersoncynthia@example.net,False,DELUXE,0.0,05 Dec 2020,2020-08-18,93.8,sdv-pii-pfggx,3537921127602160
michaelsanchez@example.org,False,DELUXE,2.449786446111143,15 Sep 2020,2020-12-04,115.26,sdv-pii-rtqd5,30273529982800
kevinstrong@example.net,False,SUITE,14.404987022476455,07 Feb 2020,2020-03-22,117.05,sdv-pii-c20cx,2275957962477126
elizabeth97@example.net,True,DELUXE,1.5222276230316718,07 Aug 2020,2020-09-25,84.12,sdv-pii-u70us,4413637494726
fsimmons@example.net,False,DELUXE,2.9112351104224903,18 Jul 2020,2020-06-10,173.73,sdv-pii-ch7f8,4145895301949689409
kristina48@example.org,False,DELUXE,12.223091771326741,05 Jan 2020,2020-12-21,93.19,sdv-pii-stn5u,6011716918632659
smithemily@example.com,False,DELUXE,8.655079062059656,25 Aug 2020,2021-01-08,104.52,sdv-pii-vdnqg,4302786745489485
